,logPOP,dPOP,dHHS,d1,d2,d3,d4,d5,d6,d7,d8,0-29,30-59,60-89
logPOP,1.0,0.015063698501427546,0.23777897955029145,-0.2703630983082891,0.02785129688476177,0.14689350838898244,0.21511409233848122,0.15293539609501525,0.14632077103681007,0.11299311424182398,0.08919276114491181,0.12005209254514528,0.01112560978469122,-0.09793484123804727
dPOP,0.015063698501427546,1.0,0.41845237623136866,0.32762245002361556,-0.8167893683734129,0.1914741285370146,0.009466355093774088,0.4253968626336478,0.5253095405420014,0.5161156087544937,0.5120547662796415,0.7122090356271782,0.5768364246110872,-0.8519127373931635
dHHS,0.23777897955029145,0.41845237623136866,1.0,-0.41688769247199264,-0.6043628289578258,0.4047294481940493,0.5802910278935628,0.837855279424899,0.7897827795570953,0.7533041368864786,0.7164016417049328,0.5587661085957051,0.40598705657513173,-0.6476374002281097
d1,-0.2703630983082891,0.32762245002361556,-0.41688769247199264,1.0,-0.18373230661917267,-0.7015949801729173,-0.8599357345390093,-0.45470880675658415,-0.18541666212840333,-0.11457543557273331,-0.0745923040654347,0.1977788926100436,-0.009567825543130003,-0.15691198809827586
d2,0.02785129688476177,-0.8167893683734129,-0.6043628289578258,-0.18373230661917267,1.0,-0.2664462417642681,-0.19889426138815902,-0.7342974933014982,-0.7998512617974144,-0.7705518569705269,-0.7506682365306447,-0.7378510929047691,-0.5139162139303619,0.8406221920508884
d3,0.14689350838898244,0.1914741285370146,0.4047294481940493,-0.7015949801729173,-0.2664462417642681,1.0,0.7609242502864139,0.49827045017049526,0.26395257957886964,0.1801786371149272,0.14636949863875814,0.15508524435714965,0.3197275717477118,-0.2691660294758137
d4,0.21511409233848122,0.009466355093774088,0.5802910278935628,-0.8599357345390093,-0.19889426138815902,0.7609242502864139,1.0,0.6576779396222242,0.3403738486606529,0.24213824162289893,0.18948017637430756,0.0312361979999873,0.26998535434406695,-0.157995959483465
d5,0.15293539609501525,0.4253968626336478,0.837855279424899,-0.45470880675658415,-0.7342974933014982,0.49827045017049526,0.6576779396222242,1.0,0.9001939072452042,0.829552787181714,0.7788175577863425,0.5008419663581658,0.36907416841181134,-0.5814496437089003
d6,0.14632077103681007,0.5253095405420014,0.7897827795570953,-0.18541666212840333,-0.7998512617974144,0.26395257957886964,0.3403738486606529,0.9001939072452042,1.0,0.9804305635458694,0.9532813555752558,0.630269966882543,0.3205943412017679,-0.6590646176058993
d7,0.11299311424182398,0.5161156087544937,0.7533041368864786,-0.11457543557273331,-0.7705518569705269,0.1801786371149272,0.24213824162289893,0.829552787181714,0.9804305635458694,1.0,0.9812023645889133,0.6309967938165117,0.29085792799377086,-0.6444242731001452
d8,0.08919276114491181,0.5120547662796415,0.7164016417049328,-0.0745923040654347,-0.7506682365306447,0.14636949863875814,0.18948017637430756,0.7788175577863425,0.9532813555752558,0.9812023645889133,1.0,0.6043488182060325,0.3015553398709506,-0.6291198670507981
0-29,0.12005209254514528,0.7122090356271782,0.5587661085957051,0.1977788926100436,-0.7378510929047691,0.15508524435714965,0.0312361979999873,0.5008419663581658,0.630269966882543,0.6309967938165117,0.6043488182060325,1.0,0.16049697372271451,-0.8699300983560897
30-59,0.01112560978469122,0.5768364246110872,0.40598705657513173,-0.009567825543130003,-0.5139162139303619,0.3197275717477118,0.26998535434406695,0.36907416841181134,0.3205943412017679,0.29085792799377086,0.3015553398709506,0.16049697372271451,1.0,-0.6256437222071198
60-89,-0.09793484123804727,-0.8519127373931635,-0.6476374002281097,-0.15691198809827586,0.8406221920508884,-0.2691660294758137,-0.157995959483465,-0.5814496437089003,-0.6590646176058993,-0.6444242731001452,-0.6291198670507981,-0.8699300983560897,-0.6256437222071198,1.0
